customer_id,address_line1,city,postal_code,load_date,record_source
1001,100 Market Street,New York,10000,2024-01-01,CRM-c360-address
1002,101 Market Street,Los Angeles,10001,2024-01-01,CRM-c360-address
1003,102 Market Street,Chicago,10002,2024-01-01,CRM-c360-address
1004,103 Market Street,Houston,10003,2024-01-01,CRM-c360-address
1005,104 Market Street,Phoenix,10004,2024-01-01,CRM-c360-address
1006,105 Market Street,Philadelphia,10005,2024-01-01,CRM-c360-address
1007,106 Market Street,New York,10006,2024-01-01,CRM-c360-address
1008,107 Market Street,Los Angeles,10007,2024-01-01,CRM-c360-address
1009,108 Market Street,Chicago,10008,2024-01-01,CRM-c360-address
1010,109 Market Street,Houston,10009,2024-01-01,CRM-c360-address
1011,110 Market Street,Phoenix,10010,2024-01-01,CRM-c360-address
1012,111 Market Street,Philadelphia,10011,2024-01-01,CRM-c360-address
1013,112 Market Street,New York,10012,2024-01-01,CRM-c360-address
1014,113 Market Street,Los Angeles,10013,2024-01-01,CRM-c360-address
1015,114 Market Street,Chicago,10014,2024-01-01,CRM-c360-address
1016,115 Market Street,Houston,10015,2024-01-01,CRM-c360-address
1017,116 Market Street,Phoenix,10016,2024-01-01,CRM-c360-address
1018,117 Market Street,Philadelphia,10017,2024-01-01,CRM-c360-address
1019,118 Market Street,New York,10018,2024-01-01,CRM-c360-address
1020,119 Market Street,Los Angeles,10019,2024-01-01,CRM-c360-address
1021,120 Market Street,Chicago,10020,2024-01-01,CRM-c360-address
1022,121 Market Street,Houston,10021,2024-01-01,CRM-c360-address
1023,122 Market Street,Phoenix,10022,2024-01-01,CRM-c360-address
1024,123 Market Street,Philadelphia,10023,2024-01-01,CRM-c360-address
1025,124 Market Street,New York,10024,2024-01-01,CRM-c360-address
1026,125 Market Street,Los Angeles,10025,2024-01-01,CRM-c360-address
1027,126 Market Street,Chicago,10026,2024-01-01,CRM-c360-address
1028,127 Market Street,Houston,10027,2024-01-01,CRM-c360-address
1029,128 Market Street,Phoenix,10028,2024-01-01,CRM-c360-address
1030,129 Market Street,Philadelphia,10029,2024-01-01,CRM-c360-address
1031,130 Market Street,New York,10030,2024-01-01,CRM-c360-address
1032,131 Market Street,Los Angeles,10031,2024-01-01,CRM-c360-address
1033,132 Market Street,Chicago,10032,2024-01-01,CRM-c360-address
1034,133 Market Street,Houston,10033,2024-01-01,CRM-c360-address
1035,134 Market Street,Phoenix,10034,2024-01-01,CRM-c360-address
1036,135 Market Street,Philadelphia,10035,2024-01-01,CRM-c360-address
1037,136 Market Street,New York,10036,2024-01-01,CRM-c360-address
1038,137 Market Street,Los Angeles,10037,2024-01-01,CRM-c360-address
1039,138 Market Street,Chicago,10038,2024-01-01,CRM-c360-address
1040,139 Market Street,Houston,10039,2024-01-01,CRM-c360-address
1041,140 Market Street,Phoenix,10040,2024-01-01,CRM-c360-address
1042,141 Market Street,Philadelphia,10041,2024-01-01,CRM-c360-address
1043,142 Market Street,New York,10042,2024-01-01,CRM-c360-address
1044,143 Market Street,Los Angeles,10043,2024-01-01,CRM-c360-address
1045,144 Market Street,Chicago,10044,2024-01-01,CRM-c360-address
1046,145 Market Street,Houston,10045,2024-01-01,CRM-c360-address
1047,146 Market Street,Phoenix,10046,2024-01-01,CRM-c360-address
1048,147 Market Street,Philadelphia,10047,2024-01-01,CRM-c360-address
1049,148 Market Street,New York,10048,2024-01-01,CRM-c360-address
1050,149 Market Street,Los Angeles,10049,2024-01-01,CRM-c360-address
1051,150 Market Street,Chicago,10050,2024-01-01,CRM-c360-address
1052,151 Market Street,Houston,10051,2024-01-01,CRM-c360-address
1053,152 Market Street,Phoenix,10052,2024-01-01,CRM-c360-address
1054,153 Market Street,Philadelphia,10053,2024-01-01,CRM-c360-address
1055,154 Market Street,New York,10054,2024-01-01,CRM-c360-address
1056,155 Market Street,Los Angeles,10055,2024-01-01,CRM-c360-address
1057,156 Market Street,Chicago,10056,2024-01-01,CRM-c360-address
1058,157 Market Street,Houston,10057,2024-01-01,CRM-c360-address
1059,158 Market Street,Phoenix,10058,2024-01-01,CRM-c360-address
1060,159 Market Street,Philadelphia,10059,2024-01-01,CRM-c360-address
1061,160 Market Street,New York,10060,2024-01-01,CRM-c360-address
1062,161 Market Street,Los Angeles,10061,2024-01-01,CRM-c360-address
1063,162 Market Street,Chicago,10062,2024-01-01,CRM-c360-address
1064,163 Market Street,Houston,10063,2024-01-01,CRM-c360-address
1065,164 Market Street,Phoenix,10064,2024-01-01,CRM-c360-address
1066,165 Market Street,Philadelphia,10065,2024-01-01,CRM-c360-address
1067,166 Market Street,New York,10066,2024-01-01,CRM-c360-address
1068,167 Market Street,Los Angeles,10067,2024-01-01,CRM-c360-address
1069,168 Market Street,Chicago,10068,2024-01-01,CRM-c360-address
1070,169 Market Street,Houston,10069,2024-01-01,CRM-c360-address
1071,170 Market Street,Phoenix,10070,2024-01-01,CRM-c360-address
1072,171 Market Street,Philadelphia,10071,2024-01-01,CRM-c360-address
1073,172 Market Street,New York,10072,2024-01-01,CRM-c360-address
1074,173 Market Street,Los Angeles,10073,2024-01-01,CRM-c360-address
1075,174 Market Street,Chicago,10074,2024-01-01,CRM-c360-address
1076,175 Market Street,Houston,10075,2024-01-01,CRM-c360-address
1077,176 Market Street,Phoenix,10076,2024-01-01,CRM-c360-address
1078,177 Market Street,Philadelphia,10077,2024-01-01,CRM-c360-address
1079,178 Market Street,New York,10078,2024-01-01,CRM-c360-address
1080,179 Market Street,Los Angeles,10079,2024-01-01,CRM-c360-address
1081,180 Market Street,Chicago,10080,2024-01-01,CRM-c360-address
1082,181 Market Street,Houston,10081,2024-01-01,CRM-c360-address
1083,182 Market Street,Phoenix,10082,2024-01-01,CRM-c360-address
1084,183 Market Street,Philadelphia,10083,2024-01-01,CRM-c360-address
1085,184 Market Street,New York,10084,2024-01-01,CRM-c360-address
1086,185 Market Street,Los Angeles,10085,2024-01-01,CRM-c360-address
1087,186 Market Street,Chicago,10086,2024-01-01,CRM-c360-address
1088,187 Market Street,Houston,10087,2024-01-01,CRM-c360-address
1089,188 Market Street,Phoenix,10088,2024-01-01,CRM-c360-address
1090,189 Market Street,Philadelphia,10089,2024-01-01,CRM-c360-address
1091,190 Market Street,New York,10090,2024-01-01,CRM-c360-address
1092,191 Market Street,Los Angeles,10091,2024-01-01,CRM-c360-address
1093,192 Market Street,Chicago,10092,2024-01-01,CRM-c360-address
1094,193 Market Street,Houston,10093,2024-01-01,CRM-c360-address
1095,194 Market Street,Phoenix,10094,2024-01-01,CRM-c360-address
1096,195 Market Street,Philadelphia,10095,2024-01-01,CRM-c360-address
1097,196 Market Street,New York,10096,2024-01-01,CRM-c360-address
1098,197 Market Street,Los Angeles,10097,2024-01-01,CRM-c360-address
1099,198 Market Street,Chicago,10098,2024-01-01,CRM-c360-address
1100,199 Market Street,Houston,10099,2024-01-01,CRM-c360-address
1101,200 Market Street,Phoenix,10100,2024-01-01,CRM-c360-address
1102,201 Market Street,Philadelphia,10101,2024-01-01,CRM-c360-address
1103,202 Market Street,New York,10102,2024-01-01,CRM-c360-address
1104,203 Market Street,Los Angeles,10103,2024-01-01,CRM-c360-address
1105,204 Market Street,Chicago,10104,2024-01-01,CRM-c360-address
1106,205 Market Street,Houston,10105,2024-01-01,CRM-c360-address
1107,206 Market Street,Phoenix,10106,2024-01-01,CRM-c360-address
1108,207 Market Street,Philadelphia,10107,2024-01-01,CRM-c360-address
1109,208 Market Street,New York,10108,2024-01-01,CRM-c360-address
1110,209 Market Street,Los Angeles,10109,2024-01-01,CRM-c360-address
1111,210 Market Street,Chicago,10110,2024-01-01,CRM-c360-address
1112,211 Market Street,Houston,10111,2024-01-01,CRM-c360-address
1113,212 Market Street,Phoenix,10112,2024-01-01,CRM-c360-address
1114,213 Market Street,Philadelphia,10113,2024-01-01,CRM-c360-address
1115,214 Market Street,New York,10114,2024-01-01,CRM-c360-address
1116,215 Market Street,Los Angeles,10115,2024-01-01,CRM-c360-address
1117,216 Market Street,Chicago,10116,2024-01-01,CRM-c360-address
1118,217 Market Street,Houston,10117,2024-01-01,CRM-c360-address
1119,218 Market Street,Phoenix,10118,2024-01-01,CRM-c360-address
1120,219 Market Street,Philadelphia,10119,2024-01-01,CRM-c360-address
1121,220 Market Street,New York,10120,2024-01-01,CRM-c360-address
1122,221 Market Street,Los Angeles,10121,2024-01-01,CRM-c360-address
1123,222 Market Street,Chicago,10122,2024-01-01,CRM-c360-address
1124,223 Market Street,Houston,10123,2024-01-01,CRM-c360-address
1125,224 Market Street,Phoenix,10124,2024-01-01,CRM-c360-address
1126,225 Market Street,Philadelphia,10125,2024-01-01,CRM-c360-address
1127,226 Market Street,New York,10126,2024-01-01,CRM-c360-address
1128,227 Market Street,Los Angeles,10127,2024-01-01,CRM-c360-address
1129,228 Market Street,Chicago,10128,2024-01-01,CRM-c360-address
1130,229 Market Street,Houston,10129,2024-01-01,CRM-c360-address
1131,230 Market Street,Phoenix,10130,2024-01-01,CRM-c360-address
1132,231 Market Street,Philadelphia,10131,2024-01-01,CRM-c360-address
1133,232 Market Street,New York,10132,2024-01-01,CRM-c360-address
1134,233 Market Street,Los Angeles,10133,2024-01-01,CRM-c360-address
1135,234 Market Street,Chicago,10134,2024-01-01,CRM-c360-address
1136,235 Market Street,Houston,10135,2024-01-01,CRM-c360-address
1137,236 Market Street,Phoenix,10136,2024-01-01,CRM-c360-address
1138,237 Market Street,Philadelphia,10137,2024-01-01,CRM-c360-address
1139,238 Market Street,New York,10138,2024-01-01,CRM-c360-address
1140,239 Market Street,Los Angeles,10139,2024-01-01,CRM-c360-address
1141,240 Market Street,Chicago,10140,2024-01-01,CRM-c360-address
1142,241 Market Street,Houston,10141,2024-01-01,CRM-c360-address
1143,242 Market Street,Phoenix,10142,2024-01-01,CRM-c360-address
1144,243 Market Street,Philadelphia,10143,2024-01-01,CRM-c360-address
1145,244 Market Street,New York,10144,2024-01-01,CRM-c360-address
1146,245 Market Street,Los Angeles,10145,2024-01-01,CRM-c360-address
1147,246 Market Street,Chicago,10146,2024-01-01,CRM-c360-address
1148,247 Market Street,Houston,10147,2024-01-01,CRM-c360-address
1149,248 Market Street,Phoenix,10148,2024-01-01,CRM-c360-address
1150,249 Market Street,Philadelphia,10149,2024-01-01,CRM-c360-address
1151,250 Market Street,New York,10150,2024-01-01,CRM-c360-address
1152,251 Market Street,Los Angeles,10151,2024-01-01,CRM-c360-address
1153,252 Market Street,Chicago,10152,2024-01-01,CRM-c360-address
1154,253 Market Street,Houston,10153,2024-01-01,CRM-c360-address
1155,254 Market Street,Phoenix,10154,2024-01-01,CRM-c360-address
1156,255 Market Street,Philadelphia,10155,2024-01-01,CRM-c360-address
1157,256 Market Street,New York,10156,2024-01-01,CRM-c360-address
1158,257 Market Street,Los Angeles,10157,2024-01-01,CRM-c360-address
1159,258 Market Street,Chicago,10158,2024-01-01,CRM-c360-address
1160,259 Market Street,Houston,10159,2024-01-01,CRM-c360-address
1161,260 Market Street,Phoenix,10160,2024-01-01,CRM-c360-address
1162,261 Market Street,Philadelphia,10161,2024-01-01,CRM-c360-address
1163,262 Market Street,New York,10162,2024-01-01,CRM-c360-address
1164,263 Market Street,Los Angeles,10163,2024-01-01,CRM-c360-address
1165,264 Market Street,Chicago,10164,2024-01-01,CRM-c360-address
1166,265 Market Street,Houston,10165,2024-01-01,CRM-c360-address
1167,266 Market Street,Phoenix,10166,2024-01-01,CRM-c360-address
1168,267 Market Street,Philadelphia,10167,2024-01-01,CRM-c360-address
1169,268 Market Street,New York,10168,2024-01-01,CRM-c360-address
1170,269 Market Street,Los Angeles,10169,2024-01-01,CRM-c360-address
1171,270 Market Street,Chicago,10170,2024-01-01,CRM-c360-address
1172,271 Market Street,Houston,10171,2024-01-01,CRM-c360-address
1173,272 Market Street,Phoenix,10172,2024-01-01,CRM-c360-address
1174,273 Market Street,Philadelphia,10173,2024-01-01,CRM-c360-address
1175,274 Market Street,New York,10174,2024-01-01,CRM-c360-address
1176,275 Market Street,Los Angeles,10175,2024-01-01,CRM-c360-address
1177,276 Market Street,Chicago,10176,2024-01-01,CRM-c360-address
1178,277 Market Street,Houston,10177,2024-01-01,CRM-c360-address
1179,278 Market Street,Phoenix,10178,2024-01-01,CRM-c360-address
1180,279 Market Street,Philadelphia,10179,2024-01-01,CRM-c360-address
1181,280 Market Street,New York,10180,2024-01-01,CRM-c360-address
1182,281 Market Street,Los Angeles,10181,2024-01-01,CRM-c360-address
1183,282 Market Street,Chicago,10182,2024-01-01,CRM-c360-address
1184,283 Market Street,Houston,10183,2024-01-01,CRM-c360-address
1185,284 Market Street,Phoenix,10184,2024-01-01,CRM-c360-address
1186,285 Market Street,Philadelphia,10185,2024-01-01,CRM-c360-address
1187,286 Market Street,New York,10186,2024-01-01,CRM-c360-address
1188,287 Market Street,Los Angeles,10187,2024-01-01,CRM-c360-address
1189,288 Market Street,Chicago,10188,2024-01-01,CRM-c360-address
1190,289 Market Street,Houston,10189,2024-01-01,CRM-c360-address
1191,290 Market Street,Phoenix,10190,2024-01-01,CRM-c360-address
1192,291 Market Street,Philadelphia,10191,2024-01-01,CRM-c360-address
1193,292 Market Street,New York,10192,2024-01-01,CRM-c360-address
1194,293 Market Street,Los Angeles,10193,2024-01-01,CRM-c360-address
1195,294 Market Street,Chicago,10194,2024-01-01,CRM-c360-address
1196,295 Market Street,Houston,10195,2024-01-01,CRM-c360-address
1197,296 Market Street,Phoenix,10196,2024-01-01,CRM-c360-address
1198,297 Market Street,Philadelphia,10197,2024-01-01,CRM-c360-address
1199,298 Market Street,New York,10198,2024-01-01,CRM-c360-address
1200,299 Market Street,Los Angeles,10199,2024-01-01,CRM-c360-address
1201,300 Market Street,Chicago,10200,2024-01-01,CRM-c360-address
1202,301 Market Street,Houston,10201,2024-01-01,CRM-c360-address
1203,302 Market Street,Phoenix,10202,2024-01-01,CRM-c360-address
1204,303 Market Street,Philadelphia,10203,2024-01-01,CRM-c360-address
1205,304 Market Street,New York,10204,2024-01-01,CRM-c360-address
1206,305 Market Street,Los Angeles,10205,2024-01-01,CRM-c360-address
1207,306 Market Street,Chicago,10206,2024-01-01,CRM-c360-address
1208,307 Market Street,Houston,10207,2024-01-01,CRM-c360-address
1209,308 Market Street,Phoenix,10208,2024-01-01,CRM-c360-address
1210,309 Market Street,Philadelphia,10209,2024-01-01,CRM-c360-address
1211,310 Market Street,New York,10210,2024-01-01,CRM-c360-address
1212,311 Market Street,Los Angeles,10211,2024-01-01,CRM-c360-address
1213,312 Market Street,Chicago,10212,2024-01-01,CRM-c360-address
1214,313 Market Street,Houston,10213,2024-01-01,CRM-c360-address
1215,314 Market Street,Phoenix,10214,2024-01-01,CRM-c360-address
1216,315 Market Street,Philadelphia,10215,2024-01-01,CRM-c360-address
1217,316 Market Street,New York,10216,2024-01-01,CRM-c360-address
1218,317 Market Street,Los Angeles,10217,2024-01-01,CRM-c360-address
1219,318 Market Street,Chicago,10218,2024-01-01,CRM-c360-address
1220,319 Market Street,Houston,10219,2024-01-01,CRM-c360-address
1221,320 Market Street,Phoenix,10220,2024-01-01,CRM-c360-address
1222,321 Market Street,Philadelphia,10221,2024-01-01,CRM-c360-address
1223,322 Market Street,New York,10222,2024-01-01,CRM-c360-address
1224,323 Market Street,Los Angeles,10223,2024-01-01,CRM-c360-address
1225,324 Market Street,Chicago,10224,2024-01-01,CRM-c360-address
1226,325 Market Street,Houston,10225,2024-01-01,CRM-c360-address
1227,326 Market Street,Phoenix,10226,2024-01-01,CRM-c360-address
1228,327 Market Street,Philadelphia,10227,2024-01-01,CRM-c360-address
1229,328 Market Street,New York,10228,2024-01-01,CRM-c360-address
1230,329 Market Street,Los Angeles,10229,2024-01-01,CRM-c360-address
1231,330 Market Street,Chicago,10230,2024-01-01,CRM-c360-address
1232,331 Market Street,Houston,10231,2024-01-01,CRM-c360-address
1233,332 Market Street,Phoenix,10232,2024-01-01,CRM-c360-address
1234,333 Market Street,Philadelphia,10233,2024-01-01,CRM-c360-address
1235,334 Market Street,New York,10234,2024-01-01,CRM-c360-address
1236,335 Market Street,Los Angeles,10235,2024-01-01,CRM-c360-address
1237,336 Market Street,Chicago,10236,2024-01-01,CRM-c360-address
1238,337 Market Street,Houston,10237,2024-01-01,CRM-c360-address
1239,338 Market Street,Phoenix,10238,2024-01-01,CRM-c360-address
1240,339 Market Street,Philadelphia,10239,2024-01-01,CRM-c360-address
1241,340 Market Street,New York,10240,2024-01-01,CRM-c360-address
1242,341 Market Street,Los Angeles,10241,2024-01-01,CRM-c360-address
1243,342 Market Street,Chicago,10242,2024-01-01,CRM-c360-address
1244,343 Market Street,Houston,10243,2024-01-01,CRM-c360-address
1245,344 Market Street,Phoenix,10244,2024-01-01,CRM-c360-address
1246,345 Market Street,Philadelphia,10245,2024-01-01,CRM-c360-address
1247,346 Market Street,New York,10246,2024-01-01,CRM-c360-address
1248,347 Market Street,Los Angeles,10247,2024-01-01,CRM-c360-address
1249,348 Market Street,Chicago,10248,2024-01-01,CRM-c360-address
1250,349 Market Street,Houston,10249,2024-01-01,CRM-c360-address
1251,350 Market Street,Phoenix,10250,2024-01-01,CRM-c360-address
1252,351 Market Street,Philadelphia,10251,2024-01-01,CRM-c360-address
1253,352 Market Street,New York,10252,2024-01-01,CRM-c360-address
1254,353 Market Street,Los Angeles,10253,2024-01-01,CRM-c360-address
1255,354 Market Street,Chicago,10254,2024-01-01,CRM-c360-address
1256,355 Market Street,Houston,10255,2024-01-01,CRM-c360-address
1257,356 Market Street,Phoenix,10256,2024-01-01,CRM-c360-address
1258,357 Market Street,Philadelphia,10257,2024-01-01,CRM-c360-address
1259,358 Market Street,New York,10258,2024-01-01,CRM-c360-address
1260,359 Market Street,Los Angeles,10259,2024-01-01,CRM-c360-address
1261,360 Market Street,Chicago,10260,2024-01-01,CRM-c360-address
1262,361 Market Street,Houston,10261,2024-01-01,CRM-c360-address
1263,362 Market Street,Phoenix,10262,2024-01-01,CRM-c360-address
1264,363 Market Street,Philadelphia,10263,2024-01-01,CRM-c360-address
1265,364 Market Street,New York,10264,2024-01-01,CRM-c360-address
1266,365 Market Street,Los Angeles,10265,2024-01-01,CRM-c360-address
1267,366 Market Street,Chicago,10266,2024-01-01,CRM-c360-address
1268,367 Market Street,Houston,10267,2024-01-01,CRM-c360-address
1269,368 Market Street,Phoenix,10268,2024-01-01,CRM-c360-address
1270,369 Market Street,Philadelphia,10269,2024-01-01,CRM-c360-address
1271,370 Market Street,New York,10270,2024-01-01,CRM-c360-address
1272,371 Market Street,Los Angeles,10271,2024-01-01,CRM-c360-address
1273,372 Market Street,Chicago,10272,2024-01-01,CRM-c360-address
1274,373 Market Street,Houston,10273,2024-01-01,CRM-c360-address
1275,374 Market Street,Phoenix,10274,2024-01-01,CRM-c360-address
1276,375 Market Street,Philadelphia,10275,2024-01-01,CRM-c360-address
1277,376 Market Street,New York,10276,2024-01-01,CRM-c360-address
1278,377 Market Street,Los Angeles,10277,2024-01-01,CRM-c360-address
1279,378 Market Street,Chicago,10278,2024-01-01,CRM-c360-address
1280,379 Market Street,Houston,10279,2024-01-01,CRM-c360-address
1281,380 Market Street,Phoenix,10280,2024-01-01,CRM-c360-address
1282,381 Market Street,Philadelphia,10281,2024-01-01,CRM-c360-address
1283,382 Market Street,New York,10282,2024-01-01,CRM-c360-address
1284,383 Market Street,Los Angeles,10283,2024-01-01,CRM-c360-address
1285,384 Market Street,Chicago,10284,2024-01-01,CRM-c360-address
1286,385 Market Street,Houston,10285,2024-01-01,CRM-c360-address
1287,386 Market Street,Phoenix,10286,2024-01-01,CRM-c360-address
1288,387 Market Street,Philadelphia,10287,2024-01-01,CRM-c360-address
1289,388 Market Street,New York,10288,2024-01-01,CRM-c360-address
1290,389 Market Street,Los Angeles,10289,2024-01-01,CRM-c360-address
1291,390 Market Street,Chicago,10290,2024-01-01,CRM-c360-address
1292,391 Market Street,Houston,10291,2024-01-01,CRM-c360-address
1293,392 Market Street,Phoenix,10292,2024-01-01,CRM-c360-address
1294,393 Market Street,Philadelphia,10293,2024-01-01,CRM-c360-address
1295,394 Market Street,New York,10294,2024-01-01,CRM-c360-address
1296,395 Market Street,Los Angeles,10295,2024-01-01,CRM-c360-address
1297,396 Market Street,Chicago,10296,2024-01-01,CRM-c360-address
1298,397 Market Street,Houston,10297,2024-01-01,CRM-c360-address
1299,398 Market Street,Phoenix,10298,2024-01-01,CRM-c360-address
1300,399 Market Street,Philadelphia,10299,2024-01-01,CRM-c360-address
